timestamp_utc,repo,signal,value,source
2026-06-24T04:32:30Z,VinodDhiman/uagt,stars,0,GitHub REST API
2026-06-24T04:32:30Z,VinodDhiman/uagt,forks,0,GitHub REST API
2026-06-24T04:32:30Z,VinodDhiman/uagt,watchers,0,GitHub REST API
2026-06-24T04:32:30Z,VinodDhiman/uagt,network,0,GitHub REST API
2026-06-24T04:32:30Z,VinodDhiman/uagt,open_issues,0,GitHub REST API
2026-06-24T04:32:30Z,VinodDhiman/uagt,views_14d,0,GitHub Traffic API
2026-06-24T04:32:30Z,VinodDhiman/uagt,views_unique_14d,0,GitHub Traffic API
2026-06-24T04:32:30Z,VinodDhiman/uagt,clones_14d,0,GitHub Traffic API
2026-06-24T04:32:30Z,VinodDhiman/uagt,clones_unique_14d,0,GitHub Traffic API
2026-06-24T04:32:30Z,VinodDhiman/uagt,top_referrers,0,GitHub Traffic API
2026-06-24T04:32:30Z,VinodDhiman/uagt,release_downloads,0,GitHub Releases API
